{
  "summary": {
    "total_runs": 9,
    "valid_runs": 9,
    "failed_runs": 0,
    "by_prompt_type": {
      "simple": {
        "count": 3,
        "task_classification_ms": {
          "mean": 0.1175559979553024,
          "median": 0.035917037166655064,
          "min": 0.03104202914983034,
          "max": 0.2857089275494218
        },
        "pattern_query_ms": {
          "mean": 0,
          "median": 0,
          "min": 0,
          "max": 0
        },
        "relevance_scoring_ms": {
          "mean": 0,
          "median": 0,
          "min": 0,
          "max": 0
        },
        "total_time_ms": {
          "mean": 868.3245556506639,
          "median": 842.2755419742316,
          "min": 762.7141249831766,
          "max": 999.9839999945834
        },
        "patterns": {
          "mean_retrieved": 0,
          "mean_after_filtering": 0
        },
        "cache_hit_rate": 100.0
      },
      "medium": {
        "count": 3,
        "task_classification_ms": {
          "mean": 0.04129162213454644,
          "median": 0.04099996294826269,
          "min": 0.03508396912366152,
          "max": 0.04779093433171511
        },
        "pattern_query_ms": {
          "mean": 216.33333333333334,
          "median": 222,
          "min": 204,
          "max": 223
        },
        "relevance_scoring_ms": {
          "mean": 0.028930682068069775,
          "median": 0.029416987672448158,
          "min": 0.02775003667920828,
          "max": 0.02962502185255289
        },
        "total_time_ms": {
          "mean": 972.0657640136778,
          "median": 942.2382090706378,
          "min": 925.2992080291733,
          "max": 1048.6598749412224
        },
        "patterns": {
          "mean_retrieved": 16,
          "mean_after_filtering": 16
        },
        "cache_hit_rate": 0.0
      },
      "complex": {
        "count": 3,
        "task_classification_ms": {
          "mean": 0.059374685709675155,
          "median": 0.060458085499703884,
          "min": 0.05212496034801006,
          "max": 0.06554101128131151
        },
        "pattern_query_ms": {
          "mean": 0,
          "median": 0,
          "min": 0,
          "max": 0
        },
        "relevance_scoring_ms": {
          "mean": 0,
          "median": 0,
          "min": 0,
          "max": 0
        },
        "total_time_ms": {
          "mean": 896.3347773533314,
          "median": 911.3307910738513,
          "min": 857.9123329836875,
          "max": 919.7612080024555
        },
        "patterns": {
          "mean_retrieved": 0,
          "mean_after_filtering": 0
        },
        "cache_hit_rate": 100.0
      }
    },
    "overall": {
      "count": 9,
      "task_classification_ms": {
        "mean": 0.07274076859984133,
        "median": 0.04779093433171511,
        "min": 0.03104202914983034,
        "max": 0.2857089275494218
      },
      "pattern_query_ms": {
        "mean": 72.11111111111111,
        "median": 0,
        "min": 0,
        "max": 223
      },
      "relevance_scoring_ms": {
        "mean": 0.009643560689356592,
        "median": 0,
        "min": 0,
        "max": 0.02962502185255289
      },
      "total_time_ms": {
        "mean": 912.2416990058911,
        "median": 919.7612080024555,
        "min": 762.7141249831766,
        "max": 1048.6598749412224
      },
      "patterns": {
        "mean_retrieved": 5.333333333333333,
        "mean_after_filtering": 5.333333333333333
      },
      "cache_hit_rate": 66.66666666666666
    },
    "performance_assessment": {
      "targets": {
        "task_classification_ms": 5,
        "relevance_scoring_ms": 10,
        "pattern_query_ms": 500,
        "total_time_ms": 2000
      },
      "results": {
        "task_classification": {
          "average_ms": 0.07274076859984133,
          "target_ms": 5,
          "meets_target": true,
          "status": "\u2705 PASS"
        },
        "relevance_scoring": {
          "average_ms": 0.009643560689356592,
          "target_ms": 10,
          "meets_target": true,
          "status": "\u2705 PASS"
        },
        "pattern_query": {
          "average_ms": 72.11111111111111,
          "target_ms": 500,
          "meets_target": true,
          "status": "\u2705 PASS"
        },
        "total_time": {
          "average_ms": 912.2416990058911,
          "target_ms": 2000,
          "meets_target": true,
          "status": "\u2705 PASS"
        }
      }
    }
  },
  "results": [
    {
      "prompt_type": "simple",
      "pattern_count": 150,
      "task_classification_time_ms": 0.2857089275494218,
      "pattern_query_time_ms": 0,
      "relevance_scoring_time_ms": 0,
      "total_time_ms": 999.9839999945834,
      "patterns_retrieved": 0,
      "patterns_after_filtering": 0,
      "cache_hit": true,
      "error": null
    },
    {
      "prompt_type": "simple",
      "pattern_count": 150,
      "task_classification_time_ms": 0.035917037166655064,
      "pattern_query_time_ms": 0,
      "relevance_scoring_time_ms": 0,
      "total_time_ms": 762.7141249831766,
      "patterns_retrieved": 0,
      "patterns_after_filtering": 0,
      "cache_hit": true,
      "error": null
    },
    {
      "prompt_type": "simple",
      "pattern_count": 150,
      "task_classification_time_ms": 0.03104202914983034,
      "pattern_query_time_ms": 0,
      "relevance_scoring_time_ms": 0,
      "total_time_ms": 842.2755419742316,
      "patterns_retrieved": 0,
      "patterns_after_filtering": 0,
      "cache_hit": true,
      "error": null
    },
    {
      "prompt_type": "medium",
      "pattern_count": 150,
      "task_classification_time_ms": 0.04779093433171511,
      "pattern_query_time_ms": 223,
      "relevance_scoring_time_ms": 0.029416987672448158,
      "total_time_ms": 1048.6598749412224,
      "patterns_retrieved": 16,
      "patterns_after_filtering": 16,
      "cache_hit": false,
      "error": null
    },
    {
      "prompt_type": "medium",
      "pattern_count": 150,
      "task_classification_time_ms": 0.04099996294826269,
      "pattern_query_time_ms": 222,
      "relevance_scoring_time_ms": 0.02775003667920828,
      "total_time_ms": 925.2992080291733,
      "patterns_retrieved": 16,
      "patterns_after_filtering": 16,
      "cache_hit": false,
      "error": null
    },
    {
      "prompt_type": "medium",
      "pattern_count": 150,
      "task_classification_time_ms": 0.03508396912366152,
      "pattern_query_time_ms": 204,
      "relevance_scoring_time_ms": 0.02962502185255289,
      "total_time_ms": 942.2382090706378,
      "patterns_retrieved": 16,
      "patterns_after_filtering": 16,
      "cache_hit": false,
      "error": null
    },
    {
      "prompt_type": "complex",
      "pattern_count": 150,
      "task_classification_time_ms": 0.05212496034801006,
      "pattern_query_time_ms": 0,
      "relevance_scoring_time_ms": 0,
      "total_time_ms": 919.7612080024555,
      "patterns_retrieved": 0,
      "patterns_after_filtering": 0,
      "cache_hit": true,
      "error": null
    },
    {
      "prompt_type": "complex",
      "pattern_count": 150,
      "task_classification_time_ms": 0.06554101128131151,
      "pattern_query_time_ms": 0,
      "relevance_scoring_time_ms": 0,
      "total_time_ms": 857.9123329836875,
      "patterns_retrieved": 0,
      "patterns_after_filtering": 0,
      "cache_hit": true,
      "error": null
    },
    {
      "prompt_type": "complex",
      "pattern_count": 150,
      "task_classification_time_ms": 0.060458085499703884,
      "pattern_query_time_ms": 0,
      "relevance_scoring_time_ms": 0,
      "total_time_ms": 911.3307910738513,
      "patterns_retrieved": 0,
      "patterns_after_filtering": 0,
      "cache_hit": true,
      "error": null
    }
  ]
}
